admin@gmail.com,fcdb9a09-a467-4ffc-81af-574ff7de62a2,Admin,910a6dcddd60dd06a7a2bca84dc2cfb0ec55dd3dec55c19c58eb2c86bd86a92b,Super,Admin
patient@gmail.com,bb21f2c1-0526-48e7-be1b-ceaefe3b25ef,Patient,b890864a52254182ddc60596eb57582aa94b57994ed045fef5b3af50f1844d62,Mike,Stellasky,12-20-2000,true,12-20-2018,true,12-20-2020,EGY,45
test@gmail.com,bacadcc2-6968-4d59-9dc7-be00e2a2ad7a,Patient,8776f108e247ab1e2b323042c049c266407c81fbad41bde1e8dfc1bb66fd267e,Test,Man,12-12-2000,true,12-12-2001,true,12-12-2002,RWA,34
admin2@gmail.com,b4552f71-12b7-4563-ba66-0c65d46d2d83,Admin,e86f78a8a3caf0b60d8e74e5942aa6d86dc150cd3c03338aef25b7d2d7e3acc7,Second,Admin
pat@gmail.com,2d7b969d-e059-4b83-b5b3-41f9a9331b1a,Patient,b890864a52254182ddc60596eb57582aa94b57994ed045fef5b3af50f1844d62,Pat,Pat,08-12-2000,true,12-12-2020,true,12-12-2022,RUS,34
patient1@example.com,0473966d-ecc6-490c-be7f-217200015297,Patient,ef92b778bafe771e89245b89ecbc08a44a4e166c06659911881f383d4473e94f,Alice,Williams,2002-07-15,true,2003-10-7,true,2016-10-13,RWA,15
patient2@example.com,b3b1e253-a95d-4fda-9944-9020cd1daf20,Patient,ef92b778bafe771e89245b89ecbc08a44a4e166c06659911881f383d4473e94f,Grace,Brown,2021-08-03,false,,false,,RWA,42
patient3@example.com,782f4f15-69fb-4f6a-99c6-3f695ba7eaf8,Patient,ef92b778bafe771e89245b89ecbc08a44a4e166c06659911881f383d4473e94f,Emma,Jones,2004-04-16,false,,false,,TUV,15
patient4@example.com,9cf5ef1d-0709-4d69-adc3-b81c201a1ce5,Patient,ef92b778bafe771e89245b89ecbc08a44a4e166c06659911881f383d4473e94f,Alice,Williams,2020-05-22,true,2020-11-27,true,2022-11-11,BRA,23
patient5@example.com,694e1934-dcb2-460f-92ce-aebbaaef3b27,Patient,ef92b778bafe771e89245b89ecbc08a44a4e166c06659911881f383d4473e94f,Hank,Brown,2008-02-11,false,,false,,ETH,40
patient6@example.com,05d70178-ff45-47b3-a971-3eedfa06fb57,Patient,ef92b778bafe771e89245b89ecbc08a44a4e166c06659911881f383d4473e94f,Carol,Smith,2006-11-19,false,,false,,SGP,53
patient7@example.com,c2715ec1-4f36-4902-9fbc-824a843ea851,Patient,ef92b778bafe771e89245b89ecbc08a44a4e166c06659911881f383d4473e94f,John,Taylor,2015-03-01,true,2016-4-7,true,2018-10-12,TUV,34
patient8@example.com,0cb60183-d864-4f77-8579-61804926a294,Patient,ef92b778bafe771e89245b89ecbc08a44a4e166c06659911881f383d4473e94f,Carol,Taylor,2002-07-23,true,2019-4-13,true,2022-9-8,RWA,3
patient9@example.com,5cd8a8ba-e3d6-4cd0-a077-8b4ba792c2d6,Patient,ef92b778bafe771e89245b89ecbc08a44a4e166c06659911881f383d4473e94f,John,Johnson,2019-06-11,true,2021-5-17,true,2021-6-6,IND,27
patient10@example.com,2c292a8f-5d33-4af6-9afa-1093a8d09a82,Patient,ef92b778bafe771e89245b89ecbc08a44a4e166c06659911881f383d4473e94f,Jane,Wilson,2010-01-27,true,2018-12-14,false,,FRA,29
patient11@example.com,47b29579-6fe7-4345-bf51-f9afcc59b254,Patient,ef92b778bafe771e89245b89ecbc08a44a4e166c06659911881f383d4473e94f,David,Taylor,2001-09-01,true,2007-1-3,false,,RWA,11
patient12@example.com,4c4db1fd-9503-49c3-9e7f-7d26910cba93,Patient,ef92b778bafe771e89245b89ecbc08a44a4e166c06659911881f383d4473e94f,Emma,Brown,2011-08-16,true,2021-9-24,false,,SGP,56
patient13@example.com,c050754e-ff90-4abc-82f0-0e571ffcbe5e,Patient,ef92b778bafe771e89245b89ecbc08a44a4e166c06659911881f383d4473e94f,Carol,Brown,2007-08-06,false,,false,,ETH,3
patient14@example.com,91fd55e6-a7d2-4854-8ada-c3af6eefc17a,Patient,ef92b778bafe771e89245b89ecbc08a44a4e166c06659911881f383d4473e94f,Emma,Davis,2007-01-01,true,2016-8-7,true,2018-4-11,RWA,10
patient15@example.com,55110a96-d9f8-4024-9e49-2fcfb48ec238,Patient,ef92b778bafe771e89245b89ecbc08a44a4e166c06659911881f383d4473e94f,Alice,Johnson,2021-01-17,false,,false,,PSE,51
patient16@example.com,b11818a2-5602-410d-9713-d9145c56a607,Patient,ef92b778bafe771e89245b89ecbc08a44a4e166c06659911881f383d4473e94f,Grace,Moore,2009-08-01,true,2021-9-14,false,,BRA,43
patient17@example.com,9132b437-2478-4501-8395-692391a388f6,Patient,ef92b778bafe771e89245b89ecbc08a44a4e166c06659911881f383d4473e94f,Emma,Brown,2017-12-06,true,2020-3-16,true,2023-11-1,RWA,36
patient18@example.com,bb1ce881-a064-4403-9138-86a356fb149c,Patient,ef92b778bafe771e89245b89ecbc08a44a4e166c06659911881f383d4473e94f,Jane,Taylor,2016-10-17,false,,false,,CHN,53
patient19@example.com,ff9fffa9-4728-4b89-a265-d3cb2fd243fe,Patient,ef92b778bafe771e89245b89ecbc08a44a4e166c06659911881f383d4473e94f,Hank,Smith,2000-10-24,false,,false,,KEN,37
patient20@example.com,b6df229c-7da9-42fa-a333-b181f504a3ca,Patient,ef92b778bafe771e89245b89ecbc08a44a4e166c06659911881f383d4473e94f,Alice,Brown,2004-02-22,false,,false,,CHN,56
patient21@example.com,9afd1d16-ccf4-4018-8f85-160d5dddeac7,Patient,ef92b778bafe771e89245b89ecbc08a44a4e166c06659911881f383d4473e94f,David,Smith,2021-12-08,true,2021-11-20,false,,RWA,51
patient22@example.com,257bfbf8-3578-4cd2-a031-f123d5e5f28b,Patient,ef92b778bafe771e89245b89ecbc08a44a4e166c06659911881f383d4473e94f,Grace,Jones,2010-10-12,false,,false,,FRA,12
patient23@example.com,ff7672ae-bc9d-4014-910b-940093ddc28c,Patient,ef92b778bafe771e89245b89ecbc08a44a4e166c06659911881f383d4473e94f,David,Jones,2016-08-19,true,2018-2-15,false,,PSE,46
patient24@example.com,91ed382e-240e-4152-aec2-a285efcc8c6f,Patient,ef92b778bafe771e89245b89ecbc08a44a4e166c06659911881f383d4473e94f,Bob,Davis,2006-04-13,true,2008-6-10,false,,KEN,44
patient25@example.com,aae31286-354d-44ec-8890-3d22a6b0557c,Patient,ef92b778bafe771e89245b89ecbc08a44a4e166c06659911881f383d4473e94f,Bob,Moore,2010-05-21,true,2014-1-22,false,,TUV,18
patient26@example.com,305d8cdc-a9ff-4b24-8961-610c8dcb34fc,Patient,ef92b778bafe771e89245b89ecbc08a44a4e166c06659911881f383d4473e94f,Grace,Brown,2017-12-08,true,2019-8-5,true,2019-11-23,CHN,12
patient27@example.com,ba80f412-8f10-4ef7-9c21-9c8368770095,Patient,ef92b778bafe771e89245b89ecbc08a44a4e166c06659911881f383d4473e94f,Hank,Davis,2016-11-06,false,,false,,PSE,46
patient28@example.com,c6db9692-2a0e-49ba-993d-d78d30d417bb,Patient,ef92b778bafe771e89245b89ecbc08a44a4e166c06659911881f383d4473e94f,Alice,Williams,2007-11-24,false,,false,,PSE,59
patient29@example.com,c55c7b08-bc0e-4da7-a6c3-83c6070bd3db,Patient,ef92b778bafe771e89245b89ecbc08a44a4e166c06659911881f383d4473e94f,Jane,Moore,2007-07-27,true,2009-2-2,true,2020-9-11,BRA,2
patient30@example.com,444b7696-dd2e-44ea-a6d9-8c620d37c8dd,Patient,ef92b778bafe771e89245b89ecbc08a44a4e166c06659911881f383d4473e94f,David,Williams,2020-04-15,false,,false,,TUV,6
patient31@example.com,4b3f40e5-8954-4d88-b5f5-743a9451a739,Patient,ef92b778bafe771e89245b89ecbc08a44a4e166c06659911881f383d4473e94f,Bob,Taylor,2018-05-18,false,,false,,IND,13
patient32@example.com,62029d42-0694-458c-870e-5d7c9fb831c1,Patient,ef92b778bafe771e89245b89ecbc08a44a4e166c06659911881f383d4473e94f,David,Jones,2012-05-06,false,,false,,FRA,10
patient33@example.com,16a4af19-8c6d-429f-aa9a-552affb10064,Patient,ef92b778bafe771e89245b89ecbc08a44a4e166c06659911881f383d4473e94f,David,Johnson,2018-10-20,true,2020-5-23,false,,PSE,15
patient34@example.com,70d11cd0-cdfb-4b79-abef-50dbbf5be732,Patient,ef92b778bafe771e89245b89ecbc08a44a4e166c06659911881f383d4473e94f,Carol,Johnson,2013-03-13,false,,false,,ETH,35
patient35@example.com,cbdf90ed-0ad0-4240-857e-a6e37d905fb6,Patient,ef92b778bafe771e89245b89ecbc08a44a4e166c06659911881f383d4473e94f,Carol,Johnson,2016-07-22,true,2019-2-27,true,2023-10-15,TUV,52
patient36@example.com,955f4358-5678-4ec7-9a02-a6457ec5dd52,Patient,ef92b778bafe771e89245b89ecbc08a44a4e166c06659911881f383d4473e94f,Jane,Smith,2006-10-07,false,,false,,ETH,17
patient37@example.com,bad7ba40-c582-4135-82ff-b1c6f3b73838,Patient,ef92b778bafe771e89245b89ecbc08a44a4e166c06659911881f383d4473e94f,Emma,Williams,2013-03-02,false,,false,,BRA,12
patient38@example.com,a485c55d-7ae7-4415-b2e8-e9263750500b,Patient,ef92b778bafe771e89245b89ecbc08a44a4e166c06659911881f383d4473e94f,Hank,Smith,2019-06-24,false,,false,,IND,-2
patient39@example.com,67d58ac6-48b7-4601-a6b4-5f9d4085816b,Patient,ef92b778bafe771e89245b89ecbc08a44a4e166c06659911881f383d4473e94f,John,Johnson,2016-07-03,false,,false,,PSE,30
patient40@example.com,c3742e5b-c2e3-4624-bf74-87ea510f8ada,Patient,ef92b778bafe771e89245b89ecbc08a44a4e166c06659911881f383d4473e94f,Frank,Moore,2006-09-06,true,2006-6-6,true,2014-4-21,KEN,14
patient41@example.com,be3a1618-45ec-4d9a-bad8-0546a3b47758,Patient,ef92b778bafe771e89245b89ecbc08a44a4e166c06659911881f383d4473e94f,David,Taylor,2007-07-14,false,,false,,IND,-2
patient42@example.com,72bf29e0-2ac2-48b4-abdb-f70683dfea2a,Patient,ef92b778bafe771e89245b89ecbc08a44a4e166c06659911881f383d4473e94f,David,Moore,2018-01-21,false,,false,,IND,24
patient43@example.com,e31072c5-abb1-4b74-a01e-ae228f2fc7a8,Patient,ef92b778bafe771e89245b89ecbc08a44a4e166c06659911881f383d4473e94f,Bob,Brown,2019-03-24,true,2019-12-6,false,,CHN,59
patient44@example.com,06e9662d-b7fe-49d4-9c7a-9f327c01ff4f,Patient,ef92b778bafe771e89245b89ecbc08a44a4e166c06659911881f383d4473e94f,Emma,Wilson,2000-10-21,true,2021-7-20,false,,ETH,46
patient45@example.com,c5207117-2182-47ab-a660-71dd7b45dde5,Patient,ef92b778bafe771e89245b89ecbc08a44a4e166c06659911881f383d4473e94f,David,Jones,2019-07-12,true,2021-3-7,false,,FRA,9
patient46@example.com,d0de0337-f857-4945-a70a-1600fb68e128,Patient,ef92b778bafe771e89245b89ecbc08a44a4e166c06659911881f383d4473e94f,Frank,Moore,2013-05-01,true,2014-11-27,false,,ETH,4
patient47@example.com,f57f0cb9-ea99-4459-907d-54c46ccaed89,Patient,ef92b778bafe771e89245b89ecbc08a44a4e166c06659911881f383d4473e94f,Grace,Davis,2015-02-09,true,2015-9-11,false,,FRA,32
patient48@example.com,8e56acb7-4ec4-49d7-ba95-754c50a72170,Patient,ef92b778bafe771e89245b89ecbc08a44a4e166c06659911881f383d4473e94f,Grace,Brown,2015-05-07,false,,false,,RWA,21
patient49@example.com,2032450b-e1ea-46ea-8b80-27d756742666,Patient,ef92b778bafe771e89245b89ecbc08a44a4e166c06659911881f383d4473e94f,Frank,Taylor,2020-08-21,false,,false,,IND,60
patient50@example.com,3538f543-435b-420f-9f42-34ce51920840,Patient,ef92b778bafe771e89245b89ecbc08a44a4e166c06659911881f383d4473e94f,Jane,Johnson,2019-08-01,false,,false,,TUV,0
patient51@example.com,0e8eb71a-f23e-4ecf-88e4-6cadf3f3d3f2,Patient,ef92b778bafe771e89245b89ecbc08a44a4e166c06659911881f383d4473e94f,Jane,Jones,2018-03-27,true,2018-11-1,false,,PSE,1
patient52@example.com,a57ac56a-aedd-4648-b3df-de6481305f59,Patient,ef92b778bafe771e89245b89ecbc08a44a4e166c06659911881f383d4473e94f,Bob,Williams,2016-12-03,true,2018-2-18,false,,FRA,-2
patient53@example.com,6ebdc690-6dd1-48e1-b011-be77de2705b1,Patient,ef92b778bafe771e89245b89ecbc08a44a4e166c06659911881f383d4473e94f,Hank,Johnson,2002-05-27,true,2019-12-15,true,2023-3-7,KEN,1
patient54@example.com,4c7343bb-d93b-4a20-95e1-40ded58bd23b,Patient,ef92b778bafe771e89245b89ecbc08a44a4e166c06659911881f383d4473e94f,Emma,Davis,2011-02-26,false,,false,,FRA,39
patient55@example.com,c99040fe-22d1-4147-af1b-1e3aa40e7a42,Patient,ef92b778bafe771e89245b89ecbc08a44a4e166c06659911881f383d4473e94f,Bob,Johnson,2017-12-11,true,2018-5-10,true,2023-8-24,PSE,10
patient56@example.com,61097345-ee4d-44da-942b-428e6eea7103,Patient,ef92b778bafe771e89245b89ecbc08a44a4e166c06659911881f383d4473e94f,Grace,Taylor,2015-07-04,false,,false,,PSE,44
patient57@example.com,4d9807fa-2b59-4f23-be02-08cb6353b36f,Patient,ef92b778bafe771e89245b89ecbc08a44a4e166c06659911881f383d4473e94f,David,Miller,2016-08-01,false,,false,,PSE,29
patient58@example.com,34fc9b17-beb0-4ec7-887f-7d6acda75817,Patient,ef92b778bafe771e89245b89ecbc08a44a4e166c06659911881f383d4473e94f,Grace,Smith,2018-02-12,false,,false,,CHN,1
patient59@example.com,9690bdca-7522-4205-b9b5-11468fa8127a,Patient,ef92b778bafe771e89245b89ecbc08a44a4e166c06659911881f383d4473e94f,David,Smith,2006-12-02,false,,false,,TUV,43
patient60@example.com,466ee88d-9aec-4804-a059-abfbb1b91888,Patient,ef92b778bafe771e89245b89ecbc08a44a4e166c06659911881f383d4473e94f,Bob,Smith,2020-10-04,false,,false,,BRA,27
patient61@example.com,88db8d0d-bea0-42de-a234-35980b002378,Patient,ef92b778bafe771e89245b89ecbc08a44a4e166c06659911881f383d4473e94f,David,Miller,2006-04-18,false,,false,,PSE,14
patient62@example.com,1c842547-12ab-43c9-91a1-e5a6d4e82f2b,Patient,ef92b778bafe771e89245b89ecbc08a44a4e166c06659911881f383d4473e94f,Jane,Jones,2002-09-28,true,2020-2-13,false,,BRA,45
patient63@example.com,060ed307-cb89-43b2-9b36-2ddad5de8ed7,Patient,ef92b778bafe771e89245b89ecbc08a44a4e166c06659911881f383d4473e94f,David,Wilson,2001-11-25,true,2005-8-22,true,2020-1-4,TUV,39
patient64@example.com,8fc7eaf4-3c57-4647-9b87-201e28cf46b0,Patient,ef92b778bafe771e89245b89ecbc08a44a4e166c06659911881f383d4473e94f,Frank,Davis,2009-07-09,true,2014-3-10,true,2021-11-11,SGP,10
patient65@example.com,e1e1aa99-d46e-41ad-95cd-07d2c3a94768,Patient,ef92b778bafe771e89245b89ecbc08a44a4e166c06659911881f383d4473e94f,Frank,Brown,2010-12-22,false,,false,,CHN,43
patient66@example.com,73826a9a-2397-45eb-8df7-f2a24b7d1b21,Patient,ef92b778bafe771e89245b89ecbc08a44a4e166c06659911881f383d4473e94f,Carol,Moore,2019-02-22,true,2019-8-8,true,2022-11-3,CHN,26
patient67@example.com,d0801590-4082-4d7a-8f2a-54e0d69036d2,Patient,ef92b778bafe771e89245b89ecbc08a44a4e166c06659911881f383d4473e94f,Carol,Johnson,2018-01-27,false,,false,,BRA,2
patient68@example.com,94253238-bd80-4559-b1c1-15a38b3dc897,Patient,ef92b778bafe771e89245b89ecbc08a44a4e166c06659911881f383d4473e94f,Emma,Davis,2007-11-05,true,2007-11-24,true,2008-7-23,BRA,57
patient69@example.com,eb224665-d2fc-4976-a0e1-2d23ca839d3c,Patient,ef92b778bafe771e89245b89ecbc08a44a4e166c06659911881f383d4473e94f,Hank,Smith,2003-12-07,true,2007-5-6,false,,BRA,21
patient70@example.com,135d366e-241a-4016-9b7a-da715626afcf,Patient,ef92b778bafe771e89245b89ecbc08a44a4e166c06659911881f383d4473e94f,Jane,Smith,2017-06-12,true,2017-11-17,true,2019-7-5,CHN,40
patient71@example.com,53a43c4c-32f1-42bd-a5e4-c913c95dd3a7,Patient,ef92b778bafe771e89245b89ecbc08a44a4e166c06659911881f383d4473e94f,Bob,Wilson,2013-07-08,false,,false,,IND,32
patient72@example.com,8ba5d3b2-53ae-416a-a44b-2fe89452dad3,Patient,ef92b778bafe771e89245b89ecbc08a44a4e166c06659911881f383d4473e94f,David,Moore,2002-07-24,true,2012-3-14,true,2013-4-25,PSE,31
patient73@example.com,2228d078-d17f-490b-8e56-87d4f5768d64,Patient,ef92b778bafe771e89245b89ecbc08a44a4e166c06659911881f383d4473e94f,Frank,Davis,2007-12-07,false,,false,,KEN,9
patient74@example.com,73ccff82-8a26-4c73-acca-682b657d4895,Patient,ef92b778bafe771e89245b89ecbc08a44a4e166c06659911881f383d4473e94f,Grace,Taylor,2003-04-12,false,,false,,RWA,-3
patient75@example.com,f923e8c3-63a4-4ca2-b98e-7944d86834b8,Patient,ef92b778bafe771e89245b89ecbc08a44a4e166c06659911881f383d4473e94f,Grace,Smith,2020-05-22,true,2021-2-22,true,2022-12-10,SGP,55
patient76@example.com,f75be9d5-4035-420a-8a98-84bd8c211cd3,Patient,ef92b778bafe771e89245b89ecbc08a44a4e166c06659911881f383d4473e94f,Emma,Johnson,2001-07-19,false,,false,,SGP,19
patient77@example.com,59d40c60-a680-4405-bdb1-b4137873b6d2,Patient,ef92b778bafe771e89245b89ecbc08a44a4e166c06659911881f383d4473e94f,John,Brown,2019-07-22,true,2019-10-17,false,,RWA,55
patient78@example.com,4e3c4bc9-aefb-4616-a834-091035f702b8,Patient,ef92b778bafe771e89245b89ecbc08a44a4e166c06659911881f383d4473e94f,Carol,Jones,2018-10-17,true,2019-11-11,true,2022-6-1,TUV,50
patient79@example.com,4483d61d-4308-4f71-9ef7-b303dc48843f,Patient,ef92b778bafe771e89245b89ecbc08a44a4e166c06659911881f383d4473e94f,Alice,Williams,2007-06-24,true,2011-6-7,true,2013-8-3,RWA,57
patient80@example.com,a39a0833-85ee-409e-aba9-4eea2e140fe4,Patient,ef92b778bafe771e89245b89ecbc08a44a4e166c06659911881f383d4473e94f,Bob,Jones,2000-10-16,false,,false,,FRA,23
patient81@example.com,453ce1b2-6db6-4438-b022-0b8a59ebc3ee,Patient,ef92b778bafe771e89245b89ecbc08a44a4e166c06659911881f383d4473e94f,Grace,Davis,2001-09-07,false,,false,,PSE,2
patient82@example.com,bd333158-f7b1-4822-8561-4106b1ce93e7,Patient,ef92b778bafe771e89245b89ecbc08a44a4e166c06659911881f383d4473e94f,Bob,Smith,2016-09-08,true,2021-6-15,true,2022-6-7,FRA,14
patient83@example.com,78a64e68-094a-460f-ba00-0a1c19b13302,Patient,ef92b778bafe771e89245b89ecbc08a44a4e166c06659911881f383d4473e94f,Bob,Taylor,2000-06-05,true,2015-1-19,false,,FRA,49
patient84@example.com,7bd9db98-95fe-417f-82e4-b76abd0494c6,Patient,ef92b778bafe771e89245b89ecbc08a44a4e166c06659911881f383d4473e94f,Frank,Taylor,2006-03-23,false,,false,,BRA,52
patient85@example.com,686ef725-5083-46f2-8a21-ac46326280db,Patient,ef92b778bafe771e89245b89ecbc08a44a4e166c06659911881f383d4473e94f,Hank,Wilson,2011-08-15,true,2011-3-25,false,,RWA,35
patient86@example.com,5ce32222-1e6c-45d5-801d-1999972b284f,Patient,ef92b778bafe771e89245b89ecbc08a44a4e166c06659911881f383d4473e94f,Frank,Miller,2001-12-24,true,2017-3-17,false,,ETH,37
patient87@example.com,4753e798-6d8f-4226-bc26-1e56beee5ced,Patient,ef92b778bafe771e89245b89ecbc08a44a4e166c06659911881f383d4473e94f,Jane,Miller,2002-07-03,true,2017-12-4,false,,KEN,-5
patient88@example.com,90fc34d4-6285-462c-a487-aa701a8c78fd,Patient,ef92b778bafe771e89245b89ecbc08a44a4e166c06659911881f383d4473e94f,Carol,Smith,2006-06-16,false,,false,,FRA,40
patient89@example.com,ce8237ec-1db8-48ff-bf73-5e1bb3af8798,Patient,ef92b778bafe771e89245b89ecbc08a44a4e166c06659911881f383d4473e94f,Alice,Miller,2001-12-28,true,2002-9-25,false,,KEN,6
patient90@example.com,5b829a83-9891-45e6-aacb-d78ba85bea60,Patient,ef92b778bafe771e89245b89ecbc08a44a4e166c06659911881f383d4473e94f,David,Moore,2013-09-13,false,,false,,FRA,4
patient91@example.com,c0163175-96a4-4d11-84bd-fce646fe9005,Patient,ef92b778bafe771e89245b89ecbc08a44a4e166c06659911881f383d4473e94f,David,Smith,2018-05-15,false,,false,,KEN,24
patient92@example.com,66f59553-c443-424a-96ca-4cf46071e3d0,Patient,ef92b778bafe771e89245b89ecbc08a44a4e166c06659911881f383d4473e94f,Hank,Johnson,2014-09-12,false,,false,,RWA,24
patient93@example.com,10eeff6e-a9ac-4192-845f-99092f5b8616,Patient,ef92b778bafe771e89245b89ecbc08a44a4e166c06659911881f383d4473e94f,John,Jones,2019-07-14,true,2019-6-9,true,2019-6-2,BRA,22
patient94@example.com,09adade9-3259-493c-b7df-89e340a9eee7,Patient,ef92b778bafe771e89245b89ecbc08a44a4e166c06659911881f383d4473e94f,John,Wilson,2020-06-16,false,,false,,IND,4
patient95@example.com,d6fd73fe-c921-4211-9283-942a2502d90c,Patient,ef92b778bafe771e89245b89ecbc08a44a4e166c06659911881f383d4473e94f,Frank,Brown,2013-01-20,false,,false,,RWA,54
patient96@example.com,abd9d21d-3abd-49ac-ae42-e02a8e316ac9,Patient,ef92b778bafe771e89245b89ecbc08a44a4e166c06659911881f383d4473e94f,Frank,Miller,2012-05-15,false,,false,,CHN,9
patient97@example.com,36639cab-4227-42d1-b829-489eaa8d8da6,Patient,ef92b778bafe771e89245b89ecbc08a44a4e166c06659911881f383d4473e94f,Carol,Jones,2006-05-24,false,,false,,KEN,56
patient98@example.com,2bf2729d-5856-4d02-8bc8-bac2f79ab99d,Patient,ef92b778bafe771e89245b89ecbc08a44a4e166c06659911881f383d4473e94f,Hank,Davis,2009-08-25,true,2012-6-7,true,2014-8-28,TUV,16
patient99@example.com,f8249ecd-e84a-4b89-a802-03363c20cce5,Patient,ef92b778bafe771e89245b89ecbc08a44a4e166c06659911881f383d4473e94f,John,Wilson,2006-06-25,false,,false,,TUV,33
patient100@example.com,223f69cb-8a63-4139-a1c1-a4cd747b3437,Patient,ef92b778bafe771e89245b89ecbc08a44a4e166c06659911881f383d4473e94f,Hank,Miller,2006-12-25,false,,false,,SGP,15

newpat@gmail.com,b2b17c86-7bf7-4477-a115-bfb6ab1c3a1d,Patient,b890864a52254182ddc60596eb57582aa94b57994ed045fef5b3af50f1844d62,New,Patient,12-29-2000,true,12-12-2020,true,12-12-2022,RWA,32
PatientNew@gmail.com,0e428d48-93c9-46f8-9a31-e004b0c39066,Patient,b890864a52254182ddc60596eb57582aa94b57994ed045fef5b3af50f1844d62,New,Patient,12-28-2000,true,12-28-2020,true,12-28-2022,RWA,32
